num,accuRent,meanRT_1,stdRT_1,meanRT_0,stdRT_0,nTrials,gender,grade,age
202211061028,0.958333333333333,0.338626461111113,0.02972561249977,0.378587057575758,0.0732579323989592,72,0,22,20
1116145447,0.555555555555556,0.22496629090942,0.170437814546251,0.210021816666186,0.163699338900719,72,0,22,20
