num,accuRent,meanRT_1,stdRT_1,meanRT_0,stdRT_0,nTrials,gender,grade,age,hand
202211061028,0.972222222222222,0.355965975000016,0.0552996232082145,0.38217360882353,0.077475462694864,72,1,22,20,1
